{
	"info": {
		"_postman_id": "8453b826-d1d0-45ca-9c25-adcffbcb5575",
		"name": "Siigo 2",
		"schema": "https://schema.getpostman.com/json/collection/v2.1.0/collection.json",
		"_exporter_id": "40861633"
	},
	"item": [
		{
			"name": "GET",
			"request": {
				"method": "GET",
				"header": []
			},
			"response": []
		},
		{
			"name": "POST",
			"request": {
				"method": "GET",
				"header": []
			},
			"response": []
		},
		{
			"name": "PUT",
			"request": {
				"method": "GET",
				"header": []
			},
			"response": []
		},
		{
			"name": "DELETE",
			"request": {
				"method": "GET",
				"header": []
			},
			"response": []
		}
	]
}